Used_ID,Abb,KEGG.ID,Nr.C,Polarity,Rt,formula,M,Pathway
"1,3-Bisphosphoglycerate",13BPG,C00236,3,neg,26.8,C3H8O10P2,265.9593,Glycolysis
"2,3-Bisphosphoglycerate",23BPG,C01159,3,neg,26.8,C3H8O10P2,265.9593,Glycolysis
1-palmitoyl-2-linoleoyl-sn-glycero-3-phosphocholine,PC(34:2),X00001,42,pos,5.5,C42H80NO8P,NA,Glycerophospholipid metabolism
1-stearoyl-2-arachidonoyl-sn-glycero-3-phosphocholine,PC(38:4),X00002,46,pos,6,C46H84NO8P,NA,Glycerophospholipid metabolism
2-Aminobutyrate,2-AB,C02356,4,pos,8.2,C4H9NO2,103.0633,NA
2-HG,2-HG,C02630,5,neg,16.7,C5H8O5,148.0372,NA
2-Hydroxybutyrate,2-HB,C05984,4,neg,8,C4H8O3,104.0473,NA
2-Isopropylmalic acid,2-Isopropylmalic acid,C02504,7,neg,15.7,C7H12O5,176.0685,"Valine, leucine and isoleucine degradation"
2-Keto-3-methylvalerate,KMV,C03465,6,neg,NA,C6H10O3,130.063,NA
2-Ketobutyric Acid,2-KB,C00109,4,neg,NA,C4H6O3,102.0317,NA
2-Ketocaproic Acid,2-KC,C00902,6,neg,8.3,C6H10O3,130.063,NA
2-Ketoisocaproic Acid,KIC,C00233,6,neg,7.8,C6H10O3,130.063,"Valine, leucine and isoleucine degradation"
2-Ketoisovalerate,KIV,C00141,5,neg,8.1,C5H8O3,116.0473,NA
2-Ketovalerate,2-KV,C06255,5,neg,9,C5H8O3,116.0473,NA
2-Methylpropanoyl-CoA,2-Methylpropanoyl-CoA,C00630,25,pos,NA,C25H42N7O17P3S,837.1571,B-oxidation
2-Oxoadipate,2-Oxoadipate,C00322,6,NA,NA,C6H8O5,160.0372,NA
2-Oxosuccinamate,2-Oxosuccinamate,C02362,4,NA,NA,C4H5NO4,131.0219,NA
3-HG,3-HG,HMDB00428,5,NA,NA,NA,NA,NA
3-Hydroxybutyrate,3-HB,C01089,4,NA,NA,C4H8O3,104.0473,Ketone body degradation
3-Hydroxybutyryl-CoA,3-Hydroxybutyryl-CoA,C01144,25,pos,15.5,C25H42N7O18P3S,853.152,NA
3-Phosphoglycerate,3PG,C00197,3,NA,NA,C3H7O7P,185.9929,NA
4-Hydroxyphenyllactate,4-OH-PheLac,C03672,9,NA,NA,C9H10O4,182.0579,NA
5'-Methyladenosine,5M-adenosine,C00170,11,NA,NA,C11H15N5O3S,297.0896,NA
5-Oxoproline,5-Oxoproline,C01879,5,NA,NA,C5H7NO3,129.0426,NA
6-Phosphogluconate,6P-gluconate,C00345,6,NA,NA,C6H13O10P,276.0246,NA
A,A,C00212,10,NA,NA,C10H13N5O4,267.0968,NA
Acetoacetic acid,Acetoacetate,C00164,4,NA,NA,C4H6O3,102.0317,NA
Acetoacetyl-CoA,Acetoacetyl-CoA,C00332,25,NA,NA,C25H40N7O18P3S,851.1363,"Valine, leucine and isoleucine degradation"
Acetylcarnitine,Ac-carnitine,C02571,9,NA,NA,C9H18NO4,204.1236,NA
Acetylcholine,Ac-choline,C01996,7,NA,NA,C7H16NO2,146.1181,NA
Acetyl-CoA,Acetyl-CoA,C00024,23,NA,NA,C23H38N7O17P3S,809.1258,NA
Aconitic acid,Aconitate,C00417,6,NA,NA,C6H6O6,174.0164,NA
Adenine,Adenine,C00147,5,NA,NA,C5H5N5,135.0545,NA
ADP,ADP,C00008,10,NA,NA,C10H15N5O10P2,427.0294,NA
a-Ketoglutarate,a-KG,C00026,5,NA,NA,C5H6O5,146.0215,NA
Alanine,Ala,C00041,3,NA,NA,C3H7NO2,89.0477,NA
Allantoin,Allantoin,C02350,4,NA,NA,C4H6N4O3,158.044,NA
AMP,AMP,C00020,10,NA,NA,C10H14N5O7P,347.0631,NA
Arginine,Arg,C00062,6,NA,NA,C6H14N4O2,174.1117,NA
Argininosuccinate,Arg-Succ,C03406,10,NA,NA,C10H18N4O6,290.1226,NA
Ascorbic acid (Vitamin C),Vit-C,C00072,6,NA,NA,C6H8O6,176.0321,NA
Asparagine,Asn,C00152,4,NA,NA,C4H8N2O3,132.0535,NA
Aspartic Acid,Asp,C00049,4,NA,NA,C4H7NO4,133.0375,NA
AspNAc,AspNAc,C01042,6,NA,NA,C6H9NO5,175.0481,NA
ATP,ATP,C00002,10,NA,NA,C10H16N5O13P3,506.9957,NA
beta-Alanine,b-Ala,C00099,3,NA,NA,C3H7NO2,89.0477,NA
Betaine,Betaine,C00719,5,NA,NA,C5H11NO2,117.079,NA
Biotin (Vitamin B7),Biotin,C00120,10,NA,NA,C10H16N2O3S,244.0882,NA
Biliverdin,Biliverdin,C00500,33,NA,NA,C33H34N4O6,582.2478,NA
C,C,D07769,9,NA,NA,NA,NA,NA
Carbamoyl-Asp,Carbamoyl-Asp,C00438,5,NA,NA,C5H8N2O5,176.0433,NA
Carbamoyl-P,Carbamoyl-P,C00169,1,NA,NA,CH4NO5P,140.9827,NA
Carnitine,Carnitine,C00318,7,NA,NA,C7H15NO3,161.1052,NA
CDP,CDP,C00112,9,NA,NA,C9H15N3O11P2,403.0182,NA
CDP-choline,CDP-choline,C00307,14,NA,NA,C14H26N4O11P2,488.1073,NA
CDP-ethanolamine,CDP-EtA,C00570,11,NA,NA,C11H20N4O11P2,446.0604,NA
Cholesterol sulfate,Cholesterol sulfate,C18043,27,NA,NA,C27H46O4S,466.3117,NA
Choline,Choline,C00114,5,NA,NA,C5H14NO,104.1075,NA
Cinnamic acid,Cinnamic acid,C00423,9,NA,NA,C9H8O2,148.0524,NA
Citraconic acid,Citraconic acid,C02226,5,NA,NA,C5H6O4,130.0266,NA
Citrate,Cit,C00158,6,NA,NA,C6H8O7,192.027,NA
Citrulline,Citrulline,C00327,6,NA,8.9,C6H13N3O3,175.0957,NA
CMP,CMP,C00055,9,NA,NA,C9H14N3O8P,323.0519,NA
CoA,CoA,C00010,21,NA,NA,C21H36N7O16P3S,767.1152,NA
Creatine,Creatine,C00300,4,NA,NA,C4H9N3O2,131.0695,Arginine and proline metabolism
Creatinine,Creatinine,C00791,4,NA,4,C4H7N3O,113.0589,Arginine and proline metabolism
CTP,CTP,C00063,9,NA,NA,C9H16N3O14P3,482.9845,NA
Cystathionine,Cystathionine,C02291,7,NA,NA,C7H14N2O4S,222.0674,NA
Cysteine,Cys,C00097,3,NA,NA,C3H7NO2S,121.0197,NA
Cystine,Cystine,C00491,6,NA,NA,C6H12N2O4S2,240.0238,NA
Cys Sulfinic Acid,Cys Sulfinic Acid,C00606,3,NA,NA,C3H7NO4S,153.0096,NA
Cytosine,Cytosine,C00380,4,NA,NA,C4H5N3O,111.0433,NA
dA,dA,C00559,10,NA,NA,C10H13N5O3,251.1018,NA
dAMP,dAMP,C00360,10,NA,NA,C10H14N5O6P,331.0682,NA
dATP,dATP,C00131,10,NA,NA,C10H16N5O12P3,491.0008,NA
dC,dC,C00881,9,NA,NA,C9H13N3O4,227.0906,NA
dCDP,dCDP,C00705,9,NA,NA,C9H15N3O10P2,387.0233,NA
dCMP,dCMP,C00239,9,NA,NA,C9H14N3O7P,307.0569,NA
dCTP,dCTP,C00458,9,NA,NA,C9H16N3O13P3,466.9896,NA
dG,dG,C00330,10,NA,NA,C10H13N5O4,267.0968,NA
dGDP,dGDP,C00361,10,NA,NA,C10H15N5O10P2,427.0294,NA
dGMP,dGMP,C00362,10,NA,NA,C10H14N5O7P,347.0631,NA
dGTP,dGTP,C00286,10,NA,NA,C10H16N5O13P3,506.9957,NA
DHA,DHA,C05422,6,NA,NA,C6H6O6,174.0164,NA
Dihydroorotate,Dihydroorotate,C00337,5,NA,NA,C5H6N2O4,158.0328,NA
Dihydrouracil,Dihydrouracil,C00429,4,NA,NA,C4H6N2O2,114.0429,NA
Dihydroxyacetone-P,DHAP,C00111,3,NA,NA,C3H7O6P,169.998,NA
Dimethylglycine,DMG,C01026,4,NA,NA,C4H9NO2,103.0633,NA
DOPA,DOPA,C00355,9,NA,NA,C9H11NO4,197.0688,NA
Dopamine,Dopamine,C03758,8,NA,NA,C8H11NO2,153.079,NA
dRib,dRib,C01801,5,NA,NA,C5H10O4,134.0579,NA
dRibP,dRibP,C00673,5,NA,NA,C5H11O7P,214.0242,NA
dS7P,dS7P,C99999,7,NA,NA,NA,NA,NA
dT,T,C00214,10,NA,NA,C10H14N2O5,242.0903,NA
dTMP,dTMP,C00364,10,NA,NA,C10H15N2O8P,322.0566,NA
dTTP,dTTP,C00459,10,NA,NA,C10H17N2O14P3,481.9893,NA
dU,dU,C00526,9,NA,NA,C9H12N2O5,228.0746,NA
dUMP,dUMP,C00365,9,NA,NA,C9H13N2O8P,308.041,NA
dUTP,dUTP,C00460,9,NA,NA,C9H15N2O14P3,467.9736,NA
Folic Acid (Vitamin B9),Folate,C00504,19,NA,NA,C19H19N7O6,441.1397,NA
Fructose,Fru,C00095,6,NA,NA,C6H12O6,180.0634,NA
Fructose-1-phosphate,F1P,C01094,6,NA,NA,C6H13O9P,260.0297,NA
Fructose-6-phosphate,F6P,C00085,6,NA,NA,C6H13O9P,260.0297,NA
"Fructose-1,6-bisphosphate",F16BP,C00354,6,NA,NA,C6H14O12P2,339.996,NA
Fumarate,Fum,C00122,4,NA,NA,C4H4O4,116.011,NA
G,G,C00387,10,NA,NA,C10H13N5O5,283.0917,NA
GABA,GABA,C00334,4,NA,NA,C4H9NO2,103.0633,NA
GDP,GDP,C00035,10,NA,NA,C10H15N5O11P2,443.0243,NA
GDP-d-mannose,GDP-Mannose,C00096,16,NA,NA,C16H25N5O16P2,605.0772,NA
g-GluCys,g-GluCys,C00669,8,NA,NA,C8H14N2O5S,250.0623,NA
GlcNAc,GlcNAc,C00140,8,NA,NA,C8H15NO6,221.0899,NA
GlcNAc-1P,GlcNAc-1P,C04256,8,NA,NA,C8H16NO9P,301.0563,NA
GlcNAc-6-phosphate,GlcNAc-6P,C00357,8,NA,NA,C8H16NO9P,301.0563,NA
Gluconic acid,Gluconate,C00257,6,NA,NA,C6H12O7,196.0583,NA
Glucono-15-lactone-6P,Glucono-15-lactone-6P,C01236,6,NA,NA,C6H11O9P,258.0141,PPP
Glucosamine,GlcN,C00329,6,NA,NA,C6H13NO5,179.0794,NA
GlcN-1P,GlcN-1P,C03783,6,NA,NA,C6H14NO8P,259.0457,NA
Glucosamine-6-phosphate,GlcN-6P,C00352,6,NA,NA,C6H14NO8P,259.0457,NA
Glucose,Glc,C00031,6,NA,NA,C6H12O6,180.0634,NA
"Glucose-1,6-bisphosphate",G16BP,C01231,6,NA,NA,C6H14O12P2,339.996,NA
Glucose-1-phosphate,G1P,C00103,6,NA,NA,C6H13O9P,260.0297,NA
Glucose-6-phosphate,G6P,C00092,6,NA,NA,C6H13O9P,260.0297,NA
Glucuronic Acid,GlucA,C00191,6,NA,NA,C6H10O7,194.0427,NA
GluNAc,GluNAc,C00624,7,NA,NA,C7H11NO5,189.0637,NA
Glutamate,Glu,C00025,5,NA,NA,C5H9NO4,147.0532,NA
Glutamine,Gln,C00064,5,NA,NA,C5H10N2O3,146.0691,NA
Glyceraldehyde-3-phosphate,G3P,C00118,3,NA,NA,C3H7O6P,169.998,NA
Glycerate,Glycerate,C00258,3,NA,NA,C3H6O4,106.0266,NA
Glycerol,Glycerol,C00116,3,NA,NA,C3H8O3,92.0473,NA
Glycerol-2-phosphate,Glycerol-2-P,C02979,3,NA,NA,C3H9O6P,172.0137,NA
Glycerol-3-phosphate,Glycerol-3-P,C00093,3,NA,NA,C3H9O6P,172.0137,NA
Glyoxylate,Glyoxylate,C00048,2,NA,NA,C2H2O3,74.0004,NA
Glycine,Gly,C00037,2,NA,NA,C2H5NO2,75.032,NA
GMP,GMP,C00144,10,NA,NA,C10H14N5O8P,363.058,NA
GSH,GSH,C00051,10,NA,NA,C10H17N3O6S,307.0838,NA
GSSG,GSSG,C00127,20,NA,NA,C20H32N6O12S2,612.152,NA
GTP,GTP,C00044,10,NA,NA,C10H16N5O14P3,522.9907,NA
Guanine,Guanine,C00242,5,NA,NA,C5H5N5O,151.0494,NA
Hexose phosphate,G6P-F6P,C00085,6,NA,NA,C6H13O9P,260.0297,NA
Hippuric Acid,Hippuric Acid,C01586,9,NA,NA,C9H9NO3,179.0582,Phenylalanin metabolism
Histidine,His,C00135,6,NA,NA,C6H9N3O2,155.0695,NA
HMG-CoA,HMG-CoA,C00356,27,NA,NA,C27H44N7O20P3S,911.1575,Ketone bodies metabolism
Homocysteine,Homocysteine,C00155,4,NA,NA,C4H9NO2S,135.0354,NA
2-Hydroxyisocaproic acid,2-HIC,C03264,6,NA,NA,C6H12O3,132.0786,NA
Hydroxyproline,Pro-OH,C01157,5,NA,NA,C5H9NO3,131.0582,NA
Hypotaurine,Hypotaurine,C00519,2,NA,NA,C2H7NO2S,109.0197,NA
Hypoxanthine,Hypoxanthine,C00262,5,NA,NA,C5H4N4O,136.0385,NA
IDP,IDP,C00104,10,NA,NA,C10H14N4O11P2,428.0134,NA
IMP,IMP,C00130,10,NA,NA,C10H13N4O8P,348.0471,NA
Inosine,Inosine,C00294,10,NA,NA,C10H12N4O5,268.0808,NA
Inositol,Inositol,C00137,6,NA,NA,C6H12O6,180.0634,NA
Isocaproic Acid,Isocaproate,HMDB0000689,6,NA,NA,NA,NA,NA
Isocitric Acid,iCit,C00311,6,NA,NA,C6H8O7,192.027,NA
Kynurenine,Kynurenine,C00328,10,NA,NA,C10H12N2O3,208.0848,NA
L-DOPA,L-DOPA,C00355,9,NA,NA,C9H11NO4,197.0688,NA
Lactate,Lac,C00186,3,NA,NA,C3H6O3,90.0317,NA
Leucine-Isoleucine,Leu/Ile,C00123,6,NA,NA,C6H13NO2,131.0946,NA
Lysine,Lys,C00047,6,NA,NA,C6H14N2O2,146.1055,NA
Malate,Mal,C00149,4,NA,NA,C4H6O5,134.0215,NA
Maleic Acid,Maleic Acid,C01384,4,NA,NA,C4H4O4,116.011,NA
Malonyl-CoA,Malonyl-CoA,C00083,24,NA,NA,C24H38N7O19P3S,853.1156,Fatty acid metabolism
Methionine,Met,C00073,5,NA,NA,C5H11NO2S,149.051,NA
Mevalonate,Mevalonate,C00418,6,NA,NA,C6H12O4,148.0736,NA
Mevalonate-5P,Mevalonate-5P,C01107,6,NA,NA,C6H13O7P,228.0399,NA
NAD+,NAD+,C00003,21,NA,NA,C21H28N7O14P2,664.1169,NA
NADH,NADH,C00004,21,NA,NA,C21H29N7O14P2,665.1248,NA
NADP+,NADP+,C00006,21,NA,NA,C21H29N7O17P3,744.0833,NA
NADPH,NADPH,C00005,21,NA,NA,C21H30N7O17P3,745.0911,NA
N-Carbamoyl-L-aspartate,Carbamoyl-Asp,C00438,5,NA,NA,C5H8N2O5,176.0433,NA
Nicotinamide,Nicotinamide,C00153,6,NA,NA,C6H6N2O,122.048,NA
Nicotinamide ribotide,Nicotinamide ribotide,C00455,11,NA,NA,C11H15N2O8P,334.0566,NA
Nicotinate,Nicotinate,C00253,6,NA,NA,C6H5NO2,123.032,NA
Nicotine,Nicotine,C00745,10,NA,NA,C10H14N2,162.1157,NA
Norvaline,Norvaline,C01799,5,NA,NA,C5H11NO2,117.079,NA
Ornithine,Ornithine,C00077,5,NA,10.5,C5H12N2O2,132.0899,NA
Orotate,Orotate,C00295,5,NA,NA,C5H4N2O4,156.0171,NA
Orotidine,Orotidine,X00006,10,NA,NA,NA,NA,NA
Orotidine 5P,O5P,C01103,10,NA,NA,C10H13N2O11P,368.0257,NA
Oxaloacetate,OxAc,C00036,4,NA,NA,C4H4O5,132.0059,NA
Palmitate,Palmitate,C00249,16,NA,NA,C16H32O2,256.2402,NA
Palmitoyl-CoA,Palmitoyl-CoA,C00154,37,NA,NA,C37H66N7O17P3S,1005.3449,Fatty acid metabolism
Pantothenic acid (Vitamin B5),Pantothenate,C00864,9,NA,NA,C9H17NO5,219.1107,NA
Phenylalanine,Phe,C00079,9,NA,NA,C9H11NO2,165.079,NA
Phosphate,PO4,C00009,0,NA,NA,H3PO4,97.9769,NA
Phosphocholine,P-Choline,C00588,5,NA,14.2,C5H15NO4P,184.0739,NA
Phosphocreatine,P-Creatine,C02305,4,NA,16.1,C4H10N3O5P,211.0358,NA
Phosphoenolpyruvate,PEP,C00074,3,NA,NA,C3H5O6P,167.9824,NA
Phosphoethanolamine,P-EtA,C00346,2,NA,15.1,C2H8NO4P,141.0191,NA
Phosphohydroxypyruvate,P-OH-Pyr,C03232,3,NA,NA,C3H5O7P,183.9773,NA
Phosphoserine,P-Ser,C01005,3,NA,NA,C3H8NO6P,185.0089,NA
Pipecolate,Pipecolate,C00408,6,NA,NA,C6H11NO2,129.079,NA
Proline,Pro,C00148,5,NA,NA,C5H9NO2,115.0633,NA
Putrescine,Putrescine,C00134,4,NA,NA,C4H12N2,88.1,Arginine and proline metabolism
Propanoyl-CoA,Propanoyl-CoA,C00100,24,NA,NA,C24H40N7O17P3S,823.1414,"Valine, leucine and isoleucine degradation"
PRPP,PRPP,C00119,5,NA,NA,C5H13O14P3,389.9518,NA
Pyridoxine,Pyridoxine,C00314,8,NA,NA,C8H11NO3,169.0739,NA
Pyrophosphate,PPi,C00013,0,NA,NA,H4P2O7,177.9432,NA
Pyruvate,Pyr,C00022,3,NA,NA,C3H4O3,88.016,NA
Ribose,Rib,C00121,5,NA,NA,C5H10O5,150.0528,NA
Ribose-5-phosphate,R5P,C00117,5,NA,NA,C5H11O8P,230.0192,NA
Ribosylamine 5P,RibN-5P,C03090,5,NA,NA,C5H12NO7P,229.0351,NA
Ribulose-5-phosphate,Ribulose-5-phosphate,C00199,5,NA,NA,C5H11O8P,230.0192,NA
S-Adenosyl-L-methionine,SAM,C00019,15,NA,NA,C15H22N6O5S,398.1372,NA
S-Adenosylhomocysteine,SAH,C00021,14,NA,NA,C14H20N6O5S,384.1216,NA
Sarcosine,Sarc,C00213,3,NA,NA,C3H7NO2,89.0477,NA
Sedoheptulose-7-phosphate,S7P,C05382,7,NA,NA,C7H15O10P,290.0403,NA
Serotonin,Serotonin,C00780,10,NA,5.3,C10H12N2O,176.095,Tryptophan metabolism
Serine,Ser,C00065,3,NA,NA,C3H7NO3,105.0426,NA
SerNAc,SerNAc,C00979,5,NA,NA,C5H9NO4,147.0532,NA
Shikimic acid,Shikimate,C00493,7,NA,NA,C7H10O5,174.0528,NA
Sorbitol,Sorbitol,C00794,6,NA,NA,C6H14O6,182.079,NA
Spermidine,Spermidine,C00315,7,NA,NA,C7H19N3,145.1579,Arginine and proline metabolism
Spermine,Spermine,C00750,10,NA,NA,C10H26N4,202.2157,Arginine and proline metabolism
Succ Semialdehyde,Succ-Semialdehyde,C00232,4,NA,NA,C4H6O3,102.0317,NA
Succinate,Succ,C00042,4,NA,NA,C4H6O4,118.0266,NA
Succinyl-CoA,Succinyl-CoA,C00091,25,NA,NA,C25H40N7O19P3S,867.1313,NA
T,T,C00214,10,NA,NA,C10H14N2O5,242.0903,NA
Taurine,Taurine,C00245,2,NA,NA,C2H7NO3S,125.0147,NA
Taurocholate,Taurocholate,C05122,26,NA,NA,C26H45NO7S,515.2917,NA
Thiamine,Thiamine,C00378,12,NA,NA,C12H17N4OS,265.1123,NA
Thiosulfate,HS2O3,C00320,0,NA,NA,HS2O3,112.9367,NA
Threonine,Thr,C00188,4,NA,NA,C4H9NO3,119.0582,NA
Thymine,Thymine,C00178,5,NA,NA,C5H6N2O2,126.0429,NA
TMAO,TMAO,C01104,3,NA,NA,C3H9NO,75.0684,NA
Trigonelline,Trigonelline,C01004,7,NA,NA,C7H7NO2,137.0477,NA
Tryptophan,Trp,C00078,11,NA,NA,C11H12N2O2,204.0899,NA
Tyramine,Tyramine,C00483,8,NA,NA,C8H11NO,137.0841,NA
Tyrosine,Tyr,C00082,9,NA,NA,C9H11NO3,181.0739,NA
U,U,C00299,9,NA,NA,C9H12N2O6,244.0695,NA
UDP,UDP,C00015,9,NA,NA,C9H14N2O12P2,404.0022,NA
UDP-D-glucoronate,UDP-GlucA,C00167,15,NA,NA,C15H22N2O18P2,580.0343,NA
UDP-GlcNAc,UDP-GlcNAc,C00043,17,NA,NA,C17H27N3O17P2,607.0816,NA
UDP-Glucose,UDP-Glc,C00029,15,NA,NA,C15H24N2O17P2,566.055,NA
UMP,UMP,C00105,9,NA,NA,C9H13N2O9P,324.0359,NA
Uracil,Uracil,C00106,4,NA,NA,C4H4N2O2,112.0273,NA
Uric acid,Uric Acid,C00366,5,NA,NA,C5H4N4O3,168.0283,NA
Urocanic Acid,Urocanate,C00785,6,NA,NA,C6H6N2O2,138.0429,NA
UTP,UTP,C00075,9,NA,NA,C9H15N2O15P3,483.9685,NA
Valerate,Valerate,C00803,5,NA,9,C5H10O2,102.0681,NA
Valine,Val,C00183,5,NA,NA,C5H11NO2,117.079,NA
Xanthine,Xanthine,C00385,5,NA,NA,C5H4N4O2,152.0334,NA
